title,author,source,data,KnowledgeNetcont,downloadCount
开展物理综合实践活动对学习的影响,贾舒涵; 陈丽娟,,2020-04-15,0,264
基于计算机视觉的绿茶炒干中在制品理化变化研究,伍洵;刘飞;陈之威;王玉婉;陈琳;涂政;周小芬;杨云飞;叶阳;童华荣,茶叶科学,2020-04-12,0,0
采用极限梯度提升算法的电力系统电压稳定裕度预测,王慧芳; 张晨宇,浙江大学学报(工学版),2020-04-10,0,0
人工智能参与发明的授权问题探究,李想,科技进步与对策,2020-04-10,0,0
智能时代传播学受众与效果研究：理论、方法与展望——与香港城市大学祝建华教授、斯坦福大学杰佛瑞·汉考克教授对谈,李晓静; 付思琪,国际新闻界,2020-04-10,0,0
人工智能对制造业企业是否存在“生产率悖论”,范晓男; 孟繁琨; 鲍晓娜; 曲刚,科技进步与对策,2020-04-10,0,0
发明人角色识别及二元创新能力差异分析——基于社会资本视角,荣雪云; 杨中楷; 刘娜,科技进步与对策,2020-04-10,0,0
人工智能时代的劳动力市场综合治理：挑战与政策工具,赵欣彤; 杨燕绥,中国行政管理,2020-04-10,0,0
人工智能时代的行政价值：变革与调适,赫郑飞,中国行政管理,2020-04-10,0,0
基于深度学习的特高压直流闭锁故障智能调度决策,杨晓楠; 孙博; 郎燕生,中国电力,2020-04-10,0,0
协同创新视角下技术机会识别模型——以中国智能机器人为例,江曼; 孙明汉; 余翔; 张奔,情报杂志,2020-04-10,0,0
技术革新催生16个新职业,,质量与认证,2020-04-10,0,0
机器人焊接工作站在汽车制造中的应用,陈鹏,集成电路应用,2020-04-10,0,0
当电视传播业遇上人工智能（AI）——技术本质和产业逻辑的冲突与融合,王朋进; 刘晶,视听界,2020-04-10,0,0
智能机器生产的“实然”与“应然”,栾轶玫,视听界,2020-04-10,0,0
激发新动能 释放高质量发展潜力,北京市习近平新时代中国特色社会主义思想研究中心 执笔 马一德,经济日报,2020-04-10,0,0
培育工业互联网产业新生态 推动“新基建”多领域融合发展,中国工业互联网研究院院长 徐晓兰,科技日报,2020-04-10,0,0
从消毒机器人登场说起,董文韬,中国国防报,2020-04-10,0,0
Artificial IntelligenceAnalysis of Gene Expression Data Predicted the Prognosis of Patients with Diffuse Large B-Cell Lymphoma.,Carreras Joaquim;;Hamoudi Rifat;;Nakamura Naoya,,2020-04-10,0,0
"Use ofartificial intelligencefor the estimation of effective moisture diffusivity, specific energy consumption, color and shrinkage in quince drying",Ebrahim Taghinezhad;;Mohammad Kaveh;;Ahmad Jahanbakhshi;;Iman Golpour,,2020-04-10,0,0
"Data, Predictive Maintenance Promise Operational Benefits",Andrew Chastain Howley;;Jeff Stillman,,2020-04-10,0,0
Washington View: Preparing for the workplace of the future,Maria Ferguson,,2020-04-10,0,0
人工智能创作物思想与表达二分法问题研究,刘强; 刘忠优,大连理工大学学报(社会科学版),2020-04-09,0,0
基于人工神经网络的锅炉燃烧智能化系统,姚金坤; 姚博,热能动力工程,2020-04-09,0,0
以融合正义重构人工智能司法的逻辑,毛高杰,河北法学,2020-04-09,0,0
人工智能的负外部性及其经济法规制,胡元聪; 廖娟,大连理工大学学报(社会科学版),2020-04-09,0,0
智能光子处理系统：概念与研究进展,邹卫文; 马伯文; 徐绍夫,中兴通讯技术,2020-04-09,0,0
当阅读遇上智能技术：数字时代内容出版的机遇与挑战,沈浩; 元方,现代出版,2020-04-09,0,0
从辅助到共存：智能编辑与人工编辑的关系新论,万安伦; 常晋; 都芃,现代出版,2020-04-09,0,0
人工智能时代出版流程再造的机遇与挑战,陈进才,现代出版,2020-04-09,0,0
改进蚁群优化算法的移动机器人路径规划研究,刘永建; 曾国辉; 黄勃,传感器与微系统,2020-04-09,0,0
金融科技时代银行业发展与监管,武琨,中国市场,2020-04-09,0,0
区块链技术与医疗健康大数据应用简析,熊辉; 郭兴元; 康娟,中国市场,2020-04-09,0,0
浅谈新形势下代理记账公司降低成本的措施,徐春梅,中外企业家,2020-04-09,0,0
人工智能在中医研究中的应用研究,苗耀锋,中外企业家,2020-04-09,0,0
传化智联用科技赋能产业升级,本报记者 吴奕萱 见习记者 冯思婕,证券日报,2020-04-09,0,0
“新基建”的新机遇,陈艳,陕西日报,2020-04-09,0,0
发力“新基建”是实现多重战略目标的关键之举,国务院发展研究中心企业研究所 马源,人民邮电,2020-04-09,0,0
"Homes, Communities and Games: Constructing Social Agency in Our Urban Futures",Shajay Bhooshan;;Alicia Nahmad Vazquez,,2020-04-09,0,0
Identifying epilepsy psychiatric comorbidities with machine learning,Tracy Glauser;;Daniel Santel;;Melissa DelBello;;Robert Faist;;Tonia Toon;;Peggy Clark;;Rachel McCourt;;Benjamin Wissel;;John Pestian,,2020-04-09,0,0
A novel optimal PID controller autotuning design based on the SLP algorithm,Jirapun Pongfai;;Xiaojie Su;;Huiyan Zhang;;Wudhichai Assawinchaichote,,2020-04-09,0,0
教育人工智能：前沿进展与机遇挑战,刘进; 钟小琴; 李学坪,高等工程教育研究,2020-04-08,0,73
基于CT的直肠癌新辅助化疗后病理完全缓解预测模型的初步探索——DACCA数据库的联合研究,李芊;周逸菲;李峥艳;汪晓东;高绍兵;李立,中国普外基础与临床杂志,2020-04-08,0,15
新工科建设内涵解析及实践探索,郑庆华,高等工程教育研究,2020-04-08,0,21
基于政府监管视角的北京市“新零售”行业发展研究,温春娟,中国市场,2020-04-08,0,10
提速数字基建 激活高质量发展源动力,徐晓兰 中国工业互联网研究院院长,中国工业报,2020-04-08,0,0
新基建要建三张网 工业互联网赛道变宽,中国工业报 周宝冰,中国工业报,2020-04-08,0,0
提高科技信息化水平 防范化解系统性风险,应急管理部化学品登记中心副主任 曹永友,中国应急管理报,2020-04-08,0,0
中国信息化发展八大趋势,陆峰,学习时报,2020-04-08,0,0
Scoring endoscopic disease activity in IBD:artificial intelligencesees more and better than we do.,Bossuyt Peter;;Vermeire Séverine;;Bisschops Raf,,2020-04-08,0,0
Artificial IntelligentVirtual Assistant for Plastic Surgery Patient's Frequently Asked Questions: A Pilot Study.,Boczar Daniel;;Sisti Andrea;;Oliver Jeremie D;;Helmi Haytham;;Restrepo David J;;Huayllani Maria T;;Spaulding Aaron C;;Carter Rickey;;Rinker Brian D;;Forte Antonio Jorge,,2020-04-08,0,0
Artificial intelligence-guided tissue analysis combined with immune infiltrate assessment predicts stage III colon cancer outcomes in PETACC08 study.,Reichling Cynthia;;Taieb Julien;;Derangere Valentin;;Klopfenstein Quentin;;Le Malicot Karine;;Gornet Jean-Marc;;Becheur Hakim;;Fein Francis;;Cojocarasu Oana;;Kaminsky Marie Christine;;Lagasse Jean Paul;;Luet Dominique;;Nguyen Suzanne;;Etienne Pierre-Luc;;Gasmi Mohamed;;Vanoli Andre;;Perrier Hervé;;Puig Pierre-Laurent;;Emile Jean-François;;Lepage Come;;Ghiringhelli François,,2020-04-08,0,0
"Ethical concerns around use ofartificial intelligencein health care research from the perspective of patients with meningioma, caregivers and health care providers: a qualitative study.",McCradden Melissa D;;Baba Ami;;Saha Ashirbani;;Ahmad Sidra;;Boparai Kanwar;;Fadaiefard Pantea;;Cusimano Michael D,,2020-04-08,0,0
"Editorial: When Data Science, Humanities and Social Sciences Meet: Cross-Talks and Insights in Public Health.",Lefèvre Thomas;;de Montgolfier Sandrine,,2020-04-08,0,0
The application ofartificial intelligence(AI) techniques to identify frailty within a residential aged care administrative data set.,Ambagtsheer R C;;Shafiabady N;;Dent E;;Seiboth C;;Beilby J,,2020-04-08,0,0
Comparison of supervised machine learning classification techniques in prediction of locoregional recurrences in early oral tongue cancer.,Alabi Rasheed Omobolaji;;Elmusrati Mohammed;;Sawazaki-Calone Iris;;Kowalski Luiz Paulo;;Haglund Caj;;Coletta Ricardo D;;Mäkitie Antti A;;Salo Tuula;;Almangush Alhadi;;Leivo Ilmo,,2020-04-08,0,0
Predicting or Pretending:Artificial Intelligencefor Protein-Ligand Interactions Lack of Sufficiently Large and Unbiased Datasets.,Yang Jincai;;Shen Cheng;;Huang Niu,,2020-04-08,0,0
Incorporating domain knowledge into reinforcement learning to expedite welding sequence optimization,Jesus Romero-Hdz;;Baidya Nath Saha;;Seiichiro Tstutsumi;;Riccardo Fincato,,2020-04-08,0,0
Forecastingartificial intelligenceon online customer assistance: Evidence from chatbot patents analysis,Eleonora Pantano;;Gabriele Pizzi,,2020-04-08,0,0
Review of predicting the blast-induced ground vibrations to reduce impacts on ambient urban communities,Yu Yan;;Xiaomeng Hou;;Honglu Fei,,2020-04-08,0,0
"Systematizing heterogeneous expert knowledge, scenarios and goals via a goal-reasoningartificial intelligenceagent for democratic urban land use planning",Weizhen Chen;;Liang Zhao;;Qi Kang;;Fan Di,,2020-04-08,0,0
Precision versusintelligence: Autonomous supporting pressure balance control for slurry shield tunnel boring machines,Yakun Zhang;;Guofang Gong;;Huayong Yang;;Wenjing Li;;Jian Liu,,2020-04-08,0,0
An efficient Long Short-Term Memory model based on Laplacian Eigenmap inartificialneural networks,Fang Hu;;Yanhui Zhu;;Jia Liu;;Liuhuan Li,,2020-04-08,0,0
Experimental and analytical investigation of chemical anchors’s behaviour under axial tensile,Abdullah Müsevitoğlu;;Musa Hakan Arslan;;Ceyhun Aksoylu;;Ahmet Özkış,,2020-04-08,0,0
Design of prefabricated wall-floor building systems using meta-heuristic optimization algorithms,Abtin Baghdadi;;Mahmoud Heristchian;;Harald Kloft,,2020-04-08,0,0
A methodological comparison of head-cut based gully erosion susceptibility models: Combined use of statistical andartificial intelligence,Alireza Arabameri;;Artemi Cerda;;Biswajeet Pradhan;;John P. Tiefenbacher;;Luigi Lombardo;;Dieu Tien Bui,,2020-04-08,0,0
Architectures and algorithms of an autonomous small-scale drilling agent,Suranga Chaminda Hemba Geekiyanage;;Erik A. Loeken;;Dan Sui,,2020-04-08,0,0
Spiral drawing: Quantitative analysis andartificial-intelligence-based diagnosis using a smartphone,Nobuyuki Ishii;;Yuki Mochizuki;;Kazutaka Shiomi;;Masamitsu Nakazato;;Hitoshi Mochizuki,,2020-04-08,0,0
Batch repair actions for automated troubleshooting,Hilla Shinitzky;;Roni Stern,,2020-04-08,0,0
Photovoltaic power forecast using empirical models andartificial intelligenceapproaches for water pumping systems,Rim Ben Ammar;;Mohsen Ben Ammar;;Abdelmajid Oualha,,2020-04-08,0,0
Optimal power flow using the AMTPG-Jaya algorithm,Warid Warid,,2020-04-08,0,0
Construction and evaluation of gold standards for patent classification—A case study on quantum computing,Steve Harris;;Anthony Trippe;;David Challis;;Nigel Swycher,,2020-04-08,0,0
Artificial intelligencein medical imaging,John C. Gore,,2020-04-08,0,0
"Ice jam formation, breakup and prediction methods based on hydroclimatic data usingartificial intelligence: A review",Fatemehalsadat Madaeni;;Rachid Lhissou;;Karem Chokmani;;Sebastien Raymond;;Yves Gauthier,,2020-04-08,0,0
Automatic generation of building information models from digitized plans,Omar Doukari;;David Greenwood,,2020-04-08,0,0
Prediction of bearing failures by the analysis of the time series,Abdenour Soualhi;;Kamal Medjaher;;Guy Celrc;;Hubert Razik,,2020-04-08,0,0
A lesson in implementation: A pre-post study of providers’ experience withartificial intelligence-based clinical decision support,Santiago Romero-Brufau;;Kirk D. Wyatt;;Patricia Boyum;;Mindy Mickelson;;Matthew Moore;;Cheristi Cognetta-Rieke,,2020-04-08,0,0
A one-class classification decision tree based on kernel density estimation,Sarah Itani;;Fabian Lecron;;Philippe Fortemps,,2020-04-08,0,0
Modeling relative permeability of gas condensate reservoirs: Advanced computational frameworks,Mehdi Mahdaviara;;Nait Amar Menad;;Mohammad Hossein Ghazanfari;;Abdolhossein Hemmati-Sarapardeh,,2020-04-08,0,0
Comparative study for 8 computationalintelligencealgorithms forhumanidentification,Shaymaa Adnan Abdulrahman;;Wael Khalifa;;Mohamed Roushdy;;Abdel-Badeeh M. Salem,,2020-04-08,0,0
Artificial intelligencemodels to predict acute phytotoxicity in petroleum contaminated soils,Dmitrii Shadrin;;Mariia Pukalchik;;Ekaterina Kovaleva;;Maxim Fedorov,,2020-04-08,0,0
Real time nuclear power plant operating state cognitive algorithm development using dynamic Bayesian network,ChoHwan Oh;;Jeong Ik Lee,,2020-04-08,0,0
"3rd Revenue Management & Pricing in Services Conference (2019 RevME Europe) 2–3 December, Ecole hôtelière de Lausanne, Switzerland",Cindy Yoonjoung Heo;;Isabella Blengini,,2020-04-08,0,0
Artificial Intelligenceand Machine Learning: A New Disruptive Force in Orthopaedics,Murali Poduval;;Avik Ghose;;Sanjeev Manchanda;;Vaibhav Bagaria;;Aniruddha Sinha,,2020-04-08,0,0
A deep learning framework for clickbait detection on social area network using natural language cues,Bilal Naeem;;Aymen Khan;;Mirza Omer Beg;;Hasan Mujtaba,,2020-04-08,0,0
Ethical and legal considerations ofartificial intelligenceand algorithmic decision-making in personalized pricing,Joshua A. Gerlick;;Stephan M. Liozu,,2020-04-08,0,0
Ethical Conundrums and Virtual Humans,John Reader;;Maggi Savin-Baden,,2020-04-08,0,0
Automated differentiation of benign renal oncocytoma and chromophobe renal cell carcinoma on computed tomography using deep learning,Amir Baghdadi;;Naif A. Aldhaam;;Ahmed S. Elsayed;;Ahmed A. Hussein;;Lora A. Cavuoto;;Eric Kauffman;;Khurshid A. Guru,,2020-04-08,0,0
IntegratingArtificial Intelligenceand Nanotechnology for Precision Cancer Medicine,Omer Adir;;Maria Poley;;Gal Chen;;Sahar Froim;;Nitzan Krinsky;;Jeny Shklover;;Janna Shainsky‐Roitman;;Twan Lammers;;Avi Schroeder,,2020-04-08,0,0
Cancer Treatment: IntegratingArtificial Intelligenceand Nanotechnology for Precision Cancer Medicine (Adv. Mater. 13/2020),Omer Adir;;Maria Poley;;Gal Chen;;Sahar Froim;;Nitzan Krinsky;;Jeny Shklover;;Janna Shainsky‐Roitman;;Twan Lammers;;Avi Schroeder,,2020-04-08,0,0
Advances in Quantitative Bioimage Analysis for Proteins and Cells,Marc Thilo Figge,,2020-04-08,0,0
“大科学时代的科教融合与创新发展”暨第十四届科教发展战略国际研讨会综述,张炜; 庄逸雪; 周翔宇; 毛笛,高等工程教育研究,2020-04-07,0,13
2019年智能传播的八个研究领域分析,张洪忠; 兰朵; 武沛颍,全球传媒学刊,2020-04-07,0,73
从自由意志谈人工智能的法律主体资格,骆正言,湖南社会科学,2020-04-07,0,36
新型基础设施建设的投融资模式与路径探索,盛磊; 杨白冰,改革,2020-04-07,0,91
机器人权利生成的多重理路梳理及评析,胡元聪,学习与探索,2020-04-07,0,20
基于多Agent的变电站继电保护研究,陈康,华东交通大学,2020-04-07,0,0
发展人工智能优化就业结构,合肥工业大学经济学院 吴飞飞,安徽日报,2020-04-07,0,57
人工智能助力体育发展,中国人民大学外国语学院 陶晓 首都体育学院武术与表演学院 陈星,中国社会科学报,2020-04-07,0,0
积极预防人工智能负面效应,黑龙江大学俄罗斯语言文学与文化研究中心、法学院 宫楠,中国社会科学报,2020-04-07,0,0
做好教师角色转变 应对人工智能挑战,南京师范大学外国语学院 董晓波 詹娇娇,中国社会科学报,2020-04-07,0,0
抓住5G建设先机 推动5G商用先行,徐补生,山西日报,2020-04-07,0,0
"Payment Reform in the Era of Advanced Diagnostics,Artificial Intelligence, and Machine Learning.",Sorace James,,2020-04-07,0,0
Editorial: Digital Interventions in Mental Health: Current Status and Future Directions.,Aboujaoude Elias;;Gega Lina;;Parish Michelle B;;Hilty Donald M,,2020-04-07,0,0
Ethical principles for the application ofartificial intelligence(AI) in nuclear medicine.,Currie Geoff;;Hawk K Elizabeth;;Rohren Eric M,,2020-04-07,0,0
Automated volumetric assessment withartificialneural networks might enable a more accurate assessment of disease burden in patients with multiple sclerosis.,Brugnara Gianluca;;Isensee Fabian;;Neuberger Ulf;;Bonekamp David;;Petersen Jens;;Diem Ricarda;;Wildemann Brigitte;;Heiland Sabine;;Wick Wolfgang;;Bendszus Martin;;Maier-Hein Klaus;;Kickingereder Philipp,,2020-04-07,0,0
Symposium review: Real-time continuous decision making using big data on dairy farms.,Cabrera Victor E;;Barrientos-Blanco Jorge A;;Delgado Hector;;Fadul-Pacheco Liliana,,2020-04-07,0,0
Artificial Intelligence-Driven Structurization of Diagnostic Information in Free-Text Pathology Reports.,Giannaris Pericles S;;Al-Taie Zainab;;Kovalenko Mikhail;;Thanintorn Nattapon;;Kholod Olha;;Innokenteva Yulia;;Coberly Emily;;Frazier Shellaine;;Laziuk Katsiarina;;Popescu Mihail;;Shyu Chi-Ren;;Xu Dong;;Hammer Richard D;;Shin Dmitriy,,2020-04-07,0,0
Learning of Signaling Networks: Molecular Mechanisms.,Csermely Péter;;Kunsic Nina;;Mendik Péter;;Kerestély Márk;;Faragó Teodóra;;Veres Dániel V;;Tompa Péter,,2020-04-07,0,0
Accurate prediction of responses to transarterial chemoembolization for patients with hepatocellular carcinoma by usingartificial intelligencein contrast-enhanced ultrasound.,Liu Dan;;Liu Fei;;Xie Xiaoyan;;Su Liya;;Liu Ming;;Xie Xiaohua;;Kuang Ming;;Huang Guangliang;;Wang Yuqi;;Zhou Hui;;Wang Kun;;Lin Manxia;;Tian Jie,,2020-04-07,0,0
Test-retest reproducibility of a deep learning-based automatic detection algorithm for the chest radiograph.,Kim Hyungjin;;Park Chang Min;;Goo Jin Mo,,2020-04-07,0,0
端粒缩短和p53-p21相关通路蛋白在苯并[a]芘致小鼠学习记忆损伤中的作用,张瑾琰; 魏建宏,解剖学报,2020-04-06,0,0
新技术&新标准 助力开放获取更进一步,编译 樊文,国际出版周报,2020-04-06,0,0
美国促进人工智能产业发展的五点启示,赛迪智库副研究员 朱帅,国际金融报,2020-04-06,0,0
四大城市群“新基建”竞争：七大领域各有优势，城市格局迎洗牌,21世纪经济研究院研究员 刘美琳,21世纪经济报道,2020-04-06,0,0
Can online support groups address psychological morbidity of cancer patients? Anartificial intelligencebased investigation of prostate cancer trajectories.,Adikari Achini;;de Silva Daswin;;Ranasinghe Weranja K B;;Bandaragoda Tharindu;;Alahakoon Oshadi;;Persad Raj;;Lawrentschuk Nathan;;Alahakoon Damminda;;Bolton Damien,,2020-04-06,0,0
影响未来高等教育教学的宏观趋势、技术实践和未来场景——《2020年EDUCAUSE地平线报告(教学版)》要点与思考,兰国帅; 郭倩; 张怡; 孔雪柯; 钟秋菊,开放教育研究,2020-04-05,0,53
智能教育机器人系统构建及关键技术——以“智慧学伴”机器人为例,卢宇; 薛天琪; 陈鹏鹤; 余胜泉,开放教育研究,2020-04-05,0,19
人工智能在作战仿真中的应用研究,付长军; 郑伟明; 葛蕾; 刘海娟,无线电工程,2020-04-05,0,1
一种高效率的多智能体协作学习通信机制,赵宇航; 马修军,信息安全研究,2020-04-05,0,0
5G时代下的新远程移动办公场景需求与支撑技术,刘京; 李阳; 时博涵,信息安全研究,2020-04-05,0,0
支持科技型企业复工复产，上海打好政策“组合拳”,,华东科技,2020-04-05,0,0
科技部：支持济南等地建设国家新一代人工智能创新发展试验区,,华东科技,2020-04-05,0,0
三大产业“疫后超车”,俞灵琦; 费晓蕾; 管浩,华东科技,2020-04-05,0,0
复工后的AI企业：危与机的角逐,管浩,华东科技,2020-04-05,0,0
孵化器的“云培训”,俞灵琦,华东科技,2020-04-05,0,0
制造业“智能化”加速,管浩,华东科技,2020-04-05,0,0
如何构筑中小企业“护城河”？——漕河泾开发区科技型中小企业抗击疫情、复工复产调研,朱冠楠; 姚家宽; 周英,华东科技,2020-04-05,0,0
2020数字金融峰会,,华东科技,2020-04-05,0,0
智联网大会2020（物联网、人工智能、5G、区块链）,,华东科技,2020-04-05,0,0
积极找准青岛经济转型升级的方向,青岛市社会科学院 冷静,青岛日报,2020-04-05,0,0
科技抗疫彰显中国力量,墨西哥国立自治大学医学院公共卫生系教授 玛拉基亚斯·洛佩斯·塞万提斯 本报驻墨西哥记者 刘旭霞 采访整理,人民日报,2020-04-05,0,0
人工智能视角下双渠道供应链的创新驱动因素研究,沙蓓蓓,食品研究与开发,2020-04-04,0,164
大数据时代网络犯罪的刑法应对——兼论人工智能犯罪的规制,庞云霞; 张有林,重庆大学学报(社会科学版),2020-04-03,0,289
算法共谋:边界的确定及其反垄断法规制,李丹,广东财经大学学报,2020-04-03,0,38
基于DDPG的风电场动态参数智能校核知识学习模型,周庆锋; 王思淳; 李德鑫; 刘佳琪; 李同,中国电力,2020-04-03,0,61
数字经济促进城市经济高质量发展的机制与路径,师博,西安财经学院学报,2020-04-03,0,125
新型数字基础设施促进我国高质量发展的路径,钞小静,西安财经学院学报,2020-04-03,0,88
人工智能引领学校人才培养方式变革,华东师范大学教育学部 侯浩翔,中国社会科学报,2020-04-03,0,3
抓住“危中之机”，瞄准未来产业发展新靶点,市政协委员、上海社会科学院经济研究所所长 沈开艳,联合时报,2020-04-03,0,0
人工智能奇点与人类未来,中国社会科学院文学研究所 刘方喜,中国社会科学报,2020-04-03,0,0
人工智能时代重启人文概念,华东师范大学中文系 王峰,中国社会科学报,2020-04-03,0,0
媒介的智能化：AI艺术的“技术性基础”,四川大学文学与新闻学院 马睿,中国社会科学报,2020-04-03,0,0
计算创造力与计算批评,中国社会科学院文学研究所 赵薇,中国社会科学报,2020-04-03,0,0
人工智能时代的艺术创造性,南京大学艺术学院 陈静,中国社会科学报,2020-04-03,0,0
新人工智能对经济的潜在影响,中国社会科学院数量经济与技术经济研究所 蔡跃洲,中国社会科学报,2020-04-03,0,0
文本的中性：人工智能对作者文学的挑战,西北师范大学文学院 徐晓军,中国社会科学报,2020-04-03,0,0
“新基建”为中国经济注入新动能,南开大学经济学院 何自力,中国城乡金融报,2020-04-03,0,0
人工智能培育数字经济发展新动能,科大讯飞股份有限公司董事长 刘庆峰,河北日报,2020-04-03,0,0
人工智能时代更需重视劳动教育,戴菁,学习时报,2020-04-03,0,0
COVID-19 andartificial intelligence: protecting health-care workers and curbing the spread,Becky McCall,,2020-04-03,0,0
Comparison of Vehicle Detection Techniques applied to IP Camera Video Feeds for use inIntelligentTransport Systems,Mark Bugeja;;Alexiei Dingli;;Maria Attard;;Dylan Seychell,,2020-04-03,0,0
Predicting jet-grout column diameter to mitigate the environmental impact using anartificial intelligencealgorithm,Zhi-Feng Wang;;Wen-Chieh Cheng,,2020-04-03,0,0
"Transitioning Chemistry, Manufacturing, and Controls Content With a Structured Data Management Solution: Streamlining Regulatory Submissions",Marquerita Algorri;;Nina S. Cauchon;;Michael J. Abernathy,,2020-04-03,0,0
INNOVATIONS IN DEMENTIA CARE USING SENSORS ANDARTIFICIAL INTELLIGENCE,Andrea Iaboni;;Dallas Seitz;;Ipsit Vahia,,2020-04-03,0,0
The Next Breakthroughs ofArtificial Intelligence: The Interdisciplinary Nature of AI,Yueting Zhuang;;Ming Cai;;Xuelong Li;;Xiangang Luo;;Qiang Yang;;Fei Wu,,2020-04-03,0,0
CME Exam 1: Use ofArtificial Intelligence-Based Analytics From Live Colonoscopies to Optimize the Quality of the Colonoscopy Examination in Real Time: Proof of Concept,,,2020-04-03,0,0
Hype or reality? WillArtificial Intelligenceactually make us better at performing optical biopsy of colon polyps?,Michael F. Byrne,,2020-04-03,0,0
Artificial intelligencein medicine,Mariella Scerri;;Victor Grech,,2020-04-03,0,0
A novel image measurement algorithm for common mushroom caps based on convolutional neural network,Chuan-Pin Lu;;Jiun-Jian Liaw,,2020-04-03,0,0
Artificial intelligencebased power consumption estimation of two-phase brushless DC motor according to FEA parametric simulation,Kadir Sabanci,,2020-04-03,0,0
"Discussion of “Comparative assessment of time series andartificial intelligencemodels to estimate monthly streamflow: A local and external data analysis approach” by Saeid Mehdizadeh, Farshad Fathian, Mir Jafar Sadegh Safari and Jan F. Adamowski",Isa Ebtehaj;;Mohammad Zeynoddin;;Hossein Bonakdari,,2020-04-03,0,0
Artificial intelligence-derived imaging biomarkers to improve population health,Jakob Weiss;;Udo Hoffmann;;Hugo J W L Aerts,,2020-04-03,0,0
Behavioural finance in an era ofartificial intelligence: Longitudinal case study of robo-advisors in investment decisions,Manchuna Shanmuganathan,,2020-04-03,0,0
"Machine learning in infection management using routine electronic health records: tools, techniques, and reporting of future technologies",C.F. Luz;;M. Vollmer;;J. Decruyenaere;;M.W. Nijsten;;C. Glasner;;B. Sinha,,2020-04-03,0,0
Artificial Intelligencefor Diagnosis of Acute Coronary Syndromes: A Meta-analysis of Machine Learning Approaches,Patrick A. Iannattone;;Xun Zhao;;Jacob VanHouten;;Akhil Garg;;Thao Huynh,,2020-04-03,0,0
Revisión de métodos computacionales de detección y clasificación de pólipos en imagen de colonoscopia,Cristina Sánchez-Montes;;Jorge Bernal;;Ana García-Rodríguez;;Henry Córdova;;Gloria Fernández-Esparrach,,2020-04-03,0,0
Image analysis andartificial intelligencein infectious disease diagnostics,Kenneth P. Smith;;James E. Kirby,,2020-04-03,0,0
Use ofArtificial Intelligence-Based Analytics From Live Colonoscopies to Optimize the Quality of the Colonoscopy Examination in Real Time: Proof of Concept,Shyam Thakkar;;Neil M. Carleton;;Bharat Rao;;Aslam Syed,,2020-04-03,0,0
Ethical principles for the application ofartificial intelligence(AI) in nuclear medicine,Geoff Currie;;K Elizabeth Hawk;;Eric M. Rohren,,2020-04-03,0,0
Speech recognition in English cultural promotion via recurrent neural network,Jian Wang,,2020-04-03,0,0
Machine learning algorithms for forecasting the incidence of Coffea arabica pests and diseases,Lucas Eduardo de Oliveira Aparecido;;Glauco de Souza Rolim;;Jose Reinaldo da Silva Cabral De Moraes;;Cicero Teixeira Silva Costa;;Paulo Sergio de Souza,,2020-04-03,0,0
数据驱动技术在虚拟电厂中的应用综述,李昭昱;艾芊;张宇帆;殷爽睿;孙东磊;李雪亮,电网技术,2020-04-02,0,85
科大讯飞股权激励案例分析,孙方虎,商讯,2020-04-02,0,213
人工智能背景下证券公司的财务管理转型探究,王春柳,中国商论,2020-04-02,0,97
浅谈人工智能对B银行财务人员的影响及对策,耿斯,中国商论,2020-04-02,0,59
"人工智能环境下,财务工作的转型及应对",邓晖; 张伟利,中国商论,2020-04-02,0,171
打造创新发展新动能,市智慧城市规划标准发展研究院(市工业和智能经济研究院) 金虹 常金龙,宁波日报,2020-04-02,0,25
推进城市治理体系和治理能力现代化,本报评论员,科技日报,2020-04-02,0,72
新一代信息基础设施引领“新基建”,中国工程院院士 邬贺铨 本报记者 整理 秦志伟,中国科学报,2020-04-02,0,0
新冠肺炎疫情能否成为所有企业不履行合同的“护身符”？,浙江振邦律师事务所 赵嘉琪,建筑时报,2020-04-02,0,0
Found in Translation: Unpacking theArtificial IntelligenceRevolution That Has Already Arrived,Oz Woloshyn;;Karah Preiss;;Steven P. Rowe;;Elliot K. Fishman;;Linda C. Chu,,2020-04-02,0,0
"The AI techno-economic complex System: Worldwide landscape, thematic subdomains and technological collaborations",Riccardo Righi;;Sofia Samoili;;Montserrat López Cobo;;Miguel Vázquez-Prada Baillet;;Melisande Cardona;;Giuditta De Prato,,2020-04-02,0,0
Cost savings in colonoscopy withartificial intelligence–aided polyp diagnosis: an add-on analysis of a clinical trial (with video),Yuichi Mori;;Shin-ei Kudo;;James E. East;;Amit Rastogi;;Michael Bretthauer;;Masashi Misawa;;Masau Sekiguchi;;Takahisa Matsuda;;Yutaka Saito;;Hiroaki Ikematsu;;Kinichi Hotta;;Kazuo Ohtsuka;;Toyoki Kudo;;Kensaku Mori,,2020-04-02,0,0
The nature of the ArtificiallyIntelligentFirm - An economic investigation into changes that AI brings to the firm,Dirk Nicolas Wagner,,2020-04-02,0,0
From digital hype to analogue reality: Universal simulation beyond the quantum and exascale eras,Peter V. Coveney;;Roger R. Highfield,,2020-04-02,0,0
Discreteartificialelectric field algorithm for high-order graph matching,Anita;;Anupam Yadav,,2020-04-02,0,0
Electronic Health Records to Predict Gestational Diabetes Risk,Bilal A. Mateen;;Anna L. David;;Spiros Denaxas,,2020-04-02,0,0
Facial-Expression Recognition: an emergent approach to the measurement of tourist satisfaction through emotions,M.Rosario González-Rodríguez;;M.Carmen Díaz-Fernández;;Carmen Pacheco Gómez,,2020-04-02,0,0
Applications ofartificial intelligencein multimodality cardiovascular imaging: A state-of-the-art review,Bo Xu;;Duygu Kocyigit;;Richard Grimm;;Brian P. Griffin;;Feixiong Cheng,,2020-04-02,0,0
Artificial intelligenceand machine learning in nephropathology,Jan U. Becker;;David Mayerich;;Meghana Padmanabhan;;Jonathan Barratt;;Angela Ernst;;Peter Boor;;Pietro A. Cicalese;;Chandra Mohan;;Hien V. Nguyen;;Badrinath Roysam,,2020-04-02,0,0
"Dark, Beyond Deep: A Paradigm Shift to Cognitive AI with Humanlike Common Sense",Yixin Zhu;;Tao Gao;;Lifeng Fan;;Siyuan Huang;;Mark Edmonds;;Hangxin Liu;;Feng Gao;;Chi Zhang;;Siyuan Qi;;Ying Nian Wu;;Joshua B. Tenenbaum;;Song-Chun Zhu,,2020-04-02,0,0
Artificial Intelligencein Dermatology: A Primer,Albert T. Young;;Mulin Xiong;;Jacob Pfau;;Michael J. Keiser;;Maria L. Wei,,2020-04-02,0,0
Artificial Intelligence: Enabling Technology to Empower Society,Yue-Guang Lyu,,2020-04-02,0,0
Threeartificial intelligencedata challenges based on CT and MRI,N. Lassau;;I. Bousaid;;E. Chouzenoux;;J.P. Lamarque;;B. Charmettant;;M. Azoulay;;F. Cotton;;A. Khalil;;O. Lucidarme;;F. Pigneur;;Y. Benaceur;;A. Sadate;;M. Lederlin;;F. Laurent;;G. Chassagnon;;O. Ernst;;G. Ferreti;;Y. Diascorn;;P.Y. Brillet;;M. Creze;;L. Cassagnes;;C. Caramella;;A. Loubet;;A. Dallongeville;;N. Abassebay;;M. Ohana;;N. Banaste;;M. Cadi;;J. Behr;;L. Boussel;;L. Fournier;;M. Zins;;J.P. Beregi;;A. Luciani;;A. Cotten;;J.F. Meder,,2020-04-02,0,0
Attitudes of Patients and Their Relatives TowardArtificial Intelligencein Neurosurgery,Paolo Palmisciano;;Aimun A.B. Jamjoom;;Daniel Taylor;;Danail Stoyanov;;Hani J. Marcus,,2020-04-02,0,0
Artificial intelligencemethod to design and fold alpha-helical structural proteins from the primary amino acid sequence,Zhao Qin;;Lingfei Wu;;Hui Sun;;Siyu Huo;;Tengfei Ma;;Eugene Lim;;Pin-Yu Chen;;Benedetto Marelli;;Markus J. Buehler,,2020-04-02,0,0
Ethics of autonomous weapons systems and its applicability to any AI systems,Ángel Gómez de Ágreda,,2020-04-02,0,0
Predicting the likelihood of need for future keratoplasty intervention usingartificial intelligence,Siamak Yousefi;;Hidenori Takahashi;;Takahiko Hayashi;;Hironobu Tampo;;Satoru Inoda;;Yusuke Arai;;Hitoshi Tabuchi;;Penny Asbell,,2020-04-02,0,0
Comparison ofArtificial Intelligencebased approaches to cell function prediction,Sarala Padi;;Petru Manescu;;Nicholas Schaub;;Nathan Hotaling;;Carl Simon;;Kapil Bharti;;Peter Bajcsy,,2020-04-02,0,0
Accurate prediction of responses to transarterial chemoembolization for patients with hepatocellular carcinoma by usingartificial intelligencein contrast-enhanced ultrasound,Dan Liu;;Fei Liu;;Xiaoyan Xie;;Liya Su;;Ming Liu;;Xiaohua Xie;;Ming Kuang;;Guangliang Huang;;Yuqi Wang;;Hui Zhou;;Kun Wang;;Manxia Lin;;Jie Tian,,2020-04-02,0,0
Test-retest reproducibility of a deep learning–based automatic detection algorithm for the chest radiograph,Hyungjin Kim;;Chang Min Park;;Jin Mo Goo,,2020-04-02,0,0
Artificial intelligencefor detecting small FDG-positive lung nodules in digital PET/CT: impact of image reconstructions on diagnostic performance,Moritz Schwyzer;;Katharina Martini;;Dominik C. Benz;;Irene A. Burger;;Daniela A. Ferraro;;Ken Kudura;;Valerie Treyer;;Gustav K. von Schulthess;;Philipp A. Kaufmann;;Martin W. Huellner;;Michael Messerli,,2020-04-02,0,0
"Human-CenteredArtificial Intelligence: Reliable, Safe & Trustworthy",Shneiderman,,2020-04-02,0,0
Modeling the infiltration process with soft computing techniques,Sihag;;Singh;;Sepah Vand;;Mehdipour,,2020-04-02,0,0
Design of water supply system from rivers usingartificial intelligenceto model water hammer,Salimi;;Karami;;Farzin;;Hassanvand;;Azad;;Kisi,,2020-04-02,0,0
Artificial Intelligencein Service ofHumanNeeds: Pragmatic First Steps Toward an Ethics for Semi-Autonomous Agents,Travis N. Rieder;;Brian Hutler;;Debra J. H. Mathews,,2020-04-02,0,0
"Obviously You, Maybe You,ArtificialYou: Exploring the Impact ofArtificial IntelligenceTechnologies on Consciousness and Personal Identity",John Banja,,2020-04-02,0,0
“Sorry I Didn’t Hear You.” The Ethics of Voice Computing and AI in High Risk Mental Health Populations,Christopher Villongco;;Fazal Khan,,2020-04-02,0,0
Artificial Intelligencein Clinical Neuroscience: Methodological and Ethical Challenges,Marcello Ienca;;Karolina Ignatiadis,,2020-04-02,0,0
Deep Fakes and Memory Malleability: False Memories in the Service of Fake News,Nadine Liv;;Dov Greenbaum,,2020-04-02,0,0
新型基础设施投资与产业结构转型升级,郭凯明; 潘珊; 颜色,中国工业经济,2020-04-01,0,490
通用人工智能的数学基础初探,吕陈君;邹晓辉;,自然辩证法研究,2020-04-01,0,42
司法大数据与司法公正的实现,王佳云,吉首大学学报(社会科学版),2020-04-01,0,70
人工智能到底存在什么风险:一种类型学的划分,梅立润,吉首大学学报(社会科学版),2020-04-01,0,105
古籍数字化、数字人文与古代文学研究——访中国社会科学院郑永晓教授,郑永晓; 段海蓉,吉首大学学报(社会科学版),2020-04-01,0,55
以学生创新发展为核心的一流本科教育建设,陈亮,吉首大学学报(社会科学版),2020-04-01,0,43
基于模板替换的室内场景建模方法研究,张肇轩; 杨鑫; 朴星霖; 王鹏杰; 尹宝才,图学学报,2020-04-01,0,15
人工智能时代法学高等教育的变革与应对,季连帅; 何颖,黑龙江社会科学,2020-04-01,0,239
从信息化呈现到体系性构建:判例运用视角下判例检索系统的建设与发展,李鑫,四川大学学报(哲学社会科学版),2020-04-01,0,22
超越阅卷:司法信息化背景下的刑事被告人数据访问权研究,郑曦,河南大学学报(社会科学版),2020-04-01,0,12
移动互联网·大数据·智能化：人工智能时代权力的规训路径,叶娟丽; 徐琴,兰州大学学报(社会科学版),2020-04-01,0,156
我国《著作权法》中公有领域的立法构造,李建华; 梁九业,河南大学学报(社会科学版),2020-04-01,0,75
人工智能产业的商业模式探究,周及真,财会月刊,2020-04-01,0,133
人工智能中的封闭性和强封闭性——现有成果的能力边界、应用条件和伦理风险,陈小平,智能系统学报,2020-04-01,0,96
人工智能时代政治权力的双重面相,徐琳; 徐超,兰州大学学报(社会科学版),2020-04-01,0,77
人工智能赋能信息无障碍：模式、问题与展望,郭亚军; 卢星宇; 张瀚文,情报理论与实践,2020-04-01,0,159
人工智能技术发展趋势研究,侯佳忆; 吴刚,科技风,2020-04-01,0,406
商业航天智能测运控初探,刘昭; 杨艳平,科技风,2020-04-01,0,22
人工智能技术在电力系统继电保护中的应用,杨雨婵,科技风,2020-04-01,0,77
"依托雄安新区建设,探索河北智慧城市运行体制与机制研究",李敏贤,科技风,2020-04-01,0,102
人工智能对会计行业的影响及应对措施探究,王颖慧; 柯林昊,商讯,2020-04-01,0,120
基于系统GMM的我国人工智能对产业转型升级影响效应分析,沈赏,工业技术经济,2020-04-01,0,96
我国智能人才需求预测研究,吴淑娟; 吴海民,大学教育,2020-04-01,0,16
基于人工智能的肢体动作类教学管理系统研究,马骁; 韩维佳; 李子琦,大学教育,2020-04-01,0,36
基于云班课人工智能应用的过程性评价研究,刘毅;聂志妍;杨丽君;方文娟;莫非;盛跃颖,医学教育研究与实践,2020-04-01,0,34
一种基于北斗物联网的智能灌溉信息管理系统,杨丙辉,中国科技信息,2020-04-01,0,0
不一样的新基建,,经济,2020-04-01,0,0
人工智能背景下会计发展趋势,贾大任,合作经济与科技,2020-04-01,0,0
人工智能对劳动者就业影响效应探究,马文婷,合作经济与科技,2020-04-01,0,0
人工智能会计人才培养研究,耿若璇; 季青青,合作经济与科技,2020-04-01,0,0
一种具有人工智能的呼尘改障尘高聚能新材料,吕爱民;,劳动保护,2020-04-01,0,0
以人工智能赋能高等学校立德树人,任志锋,社会科学战线,2020-04-01,0,0
“新基建”正逢其时为经济发展赋能,,新理财,2020-04-01,0,0
人类命运的决定因素,玛雅·加拉卡·朱杰耶维奇,新理财,2020-04-01,0,0
新基建 新机遇,刘冲,中国眼镜科技杂志,2020-04-01,0,0
借助人工智能的风口，零售行业或将迎来新变局,Echo,中国眼镜科技杂志,2020-04-01,0,0
新职业 新机遇,金之平,天津日报,2020-04-01,0,17
疫情让多少未来提前到来,清华大学新闻学院教授 沈阳,环球时报,2020-04-01,0,59
超前布局新基建 迎风逐浪自贸港,张磊 刘允明 省委政策研究室,海南日报,2020-04-01,0,0
新基建，重庆怎么抓,两江君,重庆日报,2020-04-01,0,0
Automated volumetric assessment withartificialneural networks might enable a more accurate assessment of disease burden in patients with multiple sclerosis,Gianluca Brugnara;;Fabian Isensee;;Ulf Neuberger;;David Bonekamp;;Jens Petersen;;Ricarda Diem;;Brigitte Wildemann;;Sabine Heiland;;Wolfgang Wick;;Martin Bendszus;;Klaus Maier-Hein;;Philipp Kickingereder,,2020-04-01,0,0
A NovelArtificial IntelligenceApproach to Predict Blast-Induced Ground Vibration in Open-Pit Mines Based on the Firefly Algorithm andArtificialNeural Network,Yonghui Shang;;Hoang Nguyen;;Xuan-Nam Bui;;Quang-Hieu Tran;;Hossein Moayedi,,2020-04-01,0,0
"Equilibrium, kinetics andartificial intelligencecharacteristic analysis for Zn (II) ion adsorption on rice husks digested with nitric acid",Sami Ullah;;Mohammed Ali Assiri;;Mohamad Azmi Bustam;;Abdullah G. Al-Sehemi;;Firas A. Abdul Kareem;;Ahmad Irfan,,2020-04-01,0,0
Analyzing multimodal transportation problem and its application toartificial intelligence,Gurupada Maity;;Sankar Kumar Roy;;José Luis Verdegay,,2020-04-01,0,0
Predicting the Volatility of Highway Construction Cost Index Using Long Short-Term Memory,Yang Cao;;Baabak Ashuri,,2020-04-01,0,0
"Machine learning andartificial intelligenceresearch for patient benefit: 20 critical questions on transparency, replicability, ethics, and effectiveness",,,2020-04-01,0,0
Canartificial intelligencereplace manual search for systematic literature? Review on cutaneous manifestations in primary Sjögren’s syndrome,Orgeolet Laure;;Foulquier Nathan;;Misery Laurent;;Redou Pascal;;Pers Jacques-Olivier;;Devauchelle-Pensec Valérie;;Saraux Alain,,2020-04-01,0,0
人工智能在医院管理中的运用初探,高深甚; 何奕,重庆医学,2020-03-31,0,112
糖尿病视网膜病变的社区预防,王登学; 刘珏; 陈再洪,重庆医学,2020-03-31,0,43
论人工智能生成内容的可版权性——以我国著作权法语境中的独创性为中心进行考察,陈虎,情报杂志,2020-03-31,0,180
CT检查在2019冠状病毒病筛查、诊断及治疗中的应用价值,黎格;熊曾;周晖;谢江平;陈伟;周漠玲;朱智明;周高峰;刘进康,中南大学学报(医学版),2020-03-31,0,244
大数据驱动下的老油田精细注水优化方法,贾德利;刘合;张吉群;龚斌;王全宾;杨清海,石油勘探与开发,2020-03-31,0,49
基于数据分布特性的代价敏感宽度学习系统,徐鹏飞; 王敏; 刘金平; 唐朝晖; 马天雨,控制与决策,2020-03-31,0,17
基于CPS+的新型智慧城市高质量发展模式及新型智慧城乡关系构建研究,杜明芳,土木建筑工程信息技术,2020-03-31,0,61
长江经济带人工智能产业发展趋势演进及空间非均衡特征研究,李旭辉; 彭勃; 程刚; 魏瑞斌,情报杂志,2020-03-31,0,89
论出版企业智能化营销管理系统的建构,杜方伟,科技与出版,2020-03-31,0,38
行人跟踪算法及应用综述,曹自强; 赛斌; 吕欣,物理学报,2020-03-31,0,163
我国数字创意技术的发展现状及展望,邓磊; 王妙辉; 范雷东; 袁圆; 王振中,中国工程科学,2020-03-31,0,63
新神经算法芯片有了“嗅觉”,张梦然,仪器仪表用户,2020-03-31,0,18
提速数字基建建设，激活高质量发展源动力,中国工业互联网研究院院长 徐晓兰,人民邮电,2020-03-31,0,7
“数字英国”挑战尚存，前景看好,中国信息通信研究院产业与规划研究所 单寅,人民邮电,2020-03-31,0,0
新职业成发展新动能,韩秉志,太原日报,2020-03-31,0,0
Open banking experiences set the stage for Open X,Elias Ghanem,,2020-03-31,0,0
Explainable AI in banking,Joost van der Burgt,,2020-03-31,0,0
"Uncovering hidden signals for sustainable investing using Big Data:Artificial intelligence, machine learning and natural language processing",Madelyn Antoncic,,2020-03-31,0,0
Revolutionising the consumer banking experience withartificial intelligence,Tiffany Carpenter,,2020-03-31,0,0
Applications ofArtificial IntelligenceTechniques to Enhance Sustainability of Industry 4.0: Design of anArtificialNeural Network Model as Dynamic Behavior Optimizer of Robotic Arms,Aydin Azizi;;Robert Hakl,,2020-03-31,0,0
Research on Hybrid Wind Speed Prediction System Based onArtificial Intelligenceand Double Prediction Scheme,Ying Nie;;He Bo;;Weiqun Zhang;;Haipeng Zhang;;Chittaranjan Hens,,2020-03-31,0,0
混合人-机行为与经济理论基础研究的创新发展,王国成,人文杂志,2020-03-30,0,34
中国人工智能的经济风险及其防范,程承坪; 彭欢,人文杂志,2020-03-30,0,119
智能经济创新区的兴起和发展——以杭州市为例,刘刚; 杜爽,人文杂志,2020-03-30,0,65
基于案例式的医学本科生人工智能课程教学与实践,张小勤; 谭立文; 吴毅; 刘丽,重庆医学,2020-03-30,0,80
浅谈财务核算智能化管理——以B银行为例,耿斯,财会学习,2020-03-30,0,37
本期“人工智能”专栏评述,梁应敞,电子科技大学学报,2020-03-30,0,30
面向智能通信的深度强化学习方法,谭俊杰; 梁应敞,电子科技大学学报,2020-03-30,0,57
论自动驾驶汽车交通事故致人损害的民事责任,田韶华; 陈杰,河北经贸大学学报(综合版),2020-03-30,0,42
人工智能给法律职业带来的困境及应对,王勇旗,河北经贸大学学报(综合版),2020-03-30,0,50
降低知识获取认知摩擦的情境教学策略,李晶,戏剧之家,2020-03-30,0,3
基于SCP视角分析5G时代广播电视产业的发展路径,孙茜,戏剧之家,2020-03-30,0,37
疫情倒逼航运数字化变革,钟远,珠江水运,2020-03-30,0,0
信息化新技术在集装箱运输业中的应用探索,吴俞萍,珠江水运,2020-03-30,0,0
AI赋能文化产业的管理制度创新研究,张书勤,出版广角,2020-03-30,0,0
技术赋能or技术附庸：智媒时代文化产业的技术垄断与规制,刘志杰; 智慧,出版广角,2020-03-30,0,0
新基建引领发展新浪潮,乐兵,中国纪检监察报,2020-03-30,0,63
数据驱动未来 但不是一切,中国工程院院士 李培根,中国信息化周报,2020-03-30,0,3
我们对人工智能的误解有多深,中国科学技术大学教授 陈小平,北京日报,2020-03-30,0,113
让“新基建”为发展注入新动能,张稼文,昆明日报,2020-03-30,0,40
如何让“新基建”更好发力,西部数字经济研究院院长、教授 张鸿 柏露,西安日报,2020-03-30,0,137
AIOps:在IT运维中注入智能,Maria Korolov 编译 Charles,计算机世界,2020-03-30,0,0
6G的关键特征与挑战,芬兰奥卢大学及70位通信专家 编译 赛迪智库电子信息研究所,通信产业报,2020-03-30,0,0
A Comprehensive Analysis Regarding Several Breakthroughs Based on ComputerIntelligenceTargeting Various Syndromes,Darsh Shah;;Rutvik Dixit;;Aneri Shah;;Priyam Shah;;Manan Shah,,2020-03-30,0,0
Recognizing states of psychological vulnerability to suicidal behavior: a Bayesian network ofartificial intelligenceapplied to a clinical sample,Jorge Barros;;Susana Morales;;Arnol García;;Orietta Echávarri;;Ronit Fischman;;Marta Szmulewicz;;Claudia Moya;;Catalina Núñez;;Alemka Tomicic,,2020-03-30,0,0
Text and phone calls: user behaviour and dual-channel communication prediction,Shamaila Hayat;;Aimal Rextin;;Adnan Idris;;Mehwish Nasim,,2020-03-30,0,0
Model‐InformedArtificial Intelligence: Reinforcement Learning for Precision Dosing,Benjamin Ribba;;Sherri Dudal;;Thierry Lavé;;Richard W. Peck,,2020-03-30,0,0
Artificial Intelligenceand Machine Learning: Will Clinical Pharmacologists Be Needed in the Next Decade? The John Henry Question,Brian W. Corrigan,,2020-03-30,0,0
WillArtificial Intelligencefor Drug Discovery Impact Clinical Pharmacology?,Alex Zhavoronkov;;Quentin Vanhaelen;;Tudor I. Oprea,,2020-03-30,0,0
"The swarm that we already are: artificiallyintelligent(AI) swarming ‘insect drones’, targeting and international humanitarian law in a posthuman ecology",Matilda Arvidsson,,2020-03-30,0,0
Optimization of Smart Traffic Governance System UsingArtificial Intelligence,Aayush Sukhadia;;Khush Upadhyay;;Meghashree Gundeti;;Smit Shah;;Manan Shah,,2020-03-29,0,0
Big data andartificial intelligencediscover novel drugs targeting proteins without 3D structure and overcome the undruggable targets,Huiqin He;;Benquan Liu;;Hongyi Luo;;Tingting Zhang;;Jingwei Jiang,,2020-03-29,0,0
服装销售预测方法研究进展,周小溪; 徐行; 孟剑飞; 苏旭中,针织工业,2020-03-28,0,15
从记忆与智能的关系看人工智能的发展,杨庆峰,长沙理工大学学报(社会科学版),2020-03-28,0,35
技术主体异化维度及其探源,闫坤如; 曹彦娜,长沙理工大学学报(社会科学版),2020-03-28,0,18
人工智能技术设计的认识论问题——基于认识论史的研究述评,黎昔柒,长沙理工大学学报(社会科学版),2020-03-28,0,36
科技部支持重庆等四地建人工智能国家试验区,,汽车零部件,2020-03-28,0,2
车身焊接自动化技术的发展应用,杨玻;张开熙;邹勇;,汽车零部件,2020-03-28,0,17
用“小AI”解决人工智能的“大”烦恼,,汽车零部件,2020-03-28,0,12
山东能源临矿集团大数据成功入围国家示范项目,,山东煤炭科技,2020-03-28,0,0
主持人寄语:人工智能时代的翻译技术研究,王华树,外国语言与文化,2020-03-28,0,0
人工智能时代的翻译技术研究:内涵、分类与趋势,王华树; 李智,外国语言与文化,2020-03-28,0,0
